city_id,empirical_cluster,output_decomp_centered_estimated_cluster,output_decomp_centered_profile_corr,output_decomp_no_center_estimated_cluster,output_decomp_no_center_profile_corr,series_index
0,0,2,0.4202250702985494,0,0.8120274286985467,0
0,2,0,0.11346686963544912,2,0.5816967262422037,1
0,2,1,0.10350543880909205,1,0.3874170426407473,2
0,0,1,0.40708966010657643,1,0.15877359445460215,3
0,2,1,0.27841303010189233,1,0.2145289172926041,4
0,2,1,0.3113858465981834,0,0.5096599917039328,5
0,1,1,-0.17072165116762225,1,0.5127998966720356,6
0,3,1,0.6361961159808822,0,-0.07601363404927305,7
0,2,0,0.21779942289678023,0,0.7184089287966817,8
0,2,0,0.14015923265917204,2,0.6360552116936735,9
0,1,1,-0.22680385833275313,1,0.45254849058734836,10
0,2,1,0.2425907847566059,0,0.4180670247419139,11
0,2,2,0.16462467909836662,3,0.8408027319272617,12
0,2,3,0.029701566174520695,1,0.10816571522449991,13
0,2,3,0.10538435605368429,2,0.47288366769423085,14
0,2,0,0.1823401496050916,0,0.6287853504639749,15
0,2,0,0.019022447055940583,2,0.4852847636103147,16
0,0,2,0.5368080761699824,2,0.7619972498628828,17
0,0,0,0.3807591287672914,3,0.7578151571745766,18
0,1,2,-0.10668115624876717,3,0.8278880672590005,19
0,2,3,0.08891541276034702,1,0.3891072874947179,20
0,2,1,0.2824323854047592,1,0.4331592712589498,21
0,2,0,-0.009178602635192858,3,0.767292913860456,22
0,3,3,0.2653247170679182,3,0.6310484021092999,23
0,2,1,0.251289362049334,0,0.45748569965816366,24
0,2,1,0.15230261972028247,1,0.33956909054022455,25
0,0,3,0.1245275413037425,1,0.31238226557060694,26
0,0,1,0.31381291167843917,1,0.3397067145906665,27
0,2,0,0.15432319462303284,2,0.6189919063953764,28
0,2,3,-0.014584402530950481,2,0.49662956027012384,29
0,3,3,0.46729241338773664,3,0.5410263598342608,30
0,2,0,0.2732501715671946,3,0.6991734392552588,31
0,1,1,-0.2531760075708933,1,0.5594961817900674,32
0,2,3,-0.11516491558675808,1,0.5736634091033534,33
0,0,0,0.5413632211431321,3,0.7589819156333498,34
0,2,1,-0.0319332375807405,1,0.5415410361913773,35
0,0,1,0.5031364643763236,1,0.01737963853183939,36
0,2,1,0.0022971353580030496,1,0.4799746960337484,37
0,0,2,0.6773666451894091,1,-0.0972168785534793,38
0,1,3,-0.23968780219118857,3,0.65316279639144,39
0,2,1,0.1940821194984702,1,0.12536953269064058,40
0,1,1,-0.44836172056730916,3,0.8118653758019163,41
0,2,0,0.26260535930520484,3,0.8376531127466598,42
0,2,3,-0.04722742162641315,3,0.8083841009671491,43
0,2,1,-0.14517519393262623,1,0.5664148006431303,44
0,2,3,0.07073047467795461,1,0.3388748222548911,45
0,2,1,-0.08087038480069857,2,0.5576436820577493,46
0,0,3,0.4361133117724808,0,0.2919764638590376,47
0,2,3,-0.031136733487784826,2,0.6445392670843338,48
0,0,3,0.38741654935207315,0,0.23388369784581367,49
0,0,2,0.6528129848919824,0,0.39486899640193673,50
0,0,2,0.6075369339715206,0,0.24638209809489214,51
0,0,2,0.61704279869495,1,0.14802386285539634,52
0,0,1,0.3731336303559404,1,0.18909402247921148,53
0,0,3,0.1763257780919273,1,0.09709900027942872,54
0,0,1,0.3393841711027562,1,0.2598274558824856,55
0,2,3,0.1658340979698579,0,0.3308034583800125,56
0,1,3,-0.588386291122811,1,0.5926175691601171,57
0,0,3,0.21259372795192516,1,0.4129468338201161,58
0,2,1,-0.018699997465127488,1,0.06405137881832218,59
0,2,2,0.2451958984419283,3,0.6633243377468783,60
0,0,1,0.37338560896948303,0,0.5111632011838536,61
0,0,0,0.3761678220839434,0,0.5723835312799094,62
0,2,1,0.013513145394124546,1,0.2560654471448052,63
0,0,2,0.5069413192413583,1,0.1964164956433485,64
0,2,1,0.05114404921239747,1,0.4816062323341659,65
0,2,3,-0.1422023511641674,2,0.4609769798932555,66
0,2,3,0.1955215147242963,2,0.5681255485206678,67
0,2,3,0.1699779126782426,3,0.8365688474206523,68
0,0,3,0.22962246459214317,1,0.08269380110201274,69
0,2,1,0.1863170574748198,0,0.5956829574010993,70
0,0,1,0.3692711565711336,0,0.4955080140895006,71
0,1,2,0.14424814428745059,1,0.6603395618997947,72
0,0,0,0.10661938300227075,2,0.6385294595443916,73
0,2,2,0.5294723424146663,3,0.940439716875928,74
0,2,0,0.22458189338603032,2,0.6449879751979923,75
0,0,1,0.3509290040392792,0,0.31483574360735045,76
0,3,0,0.5552705925749668,0,0.15947715955207112,77
0,3,3,0.4196522851040123,3,0.5320824233427408,78
0,3,1,0.6790594036223367,0,-0.15191721058696178,79
0,2,0,0.2065404473264772,0,0.435389303516833,80
0,0,0,0.5522260022938925,0,0.2653005895096332,81
0,0,2,0.4936397400594139,0,0.5365003296159472,82
0,2,0,0.2541798370617044,0,0.43293721448359934,83
0,3,3,0.3497308526659916,0,0.136631247325888,84
0,3,0,0.7346652973778647,3,0.3435046101346986,85
0,2,2,0.14132630087321874,0,0.5834702660277636,86
0,0,1,0.24241712423815076,1,0.3166313487576705,87
0,1,1,-0.1757342257622408,0,0.7357647332970549,88
0,2,3,-0.030691958095555083,3,0.8820392390030821,89
0,2,2,0.3887660876552107,3,0.6763067069164246,90
0,0,1,0.503046651596299,1,-0.2059224083723644,91
0,2,0,0.3359907802535859,0,0.7443761834454607,92
0,0,3,0.3481203035325672,0,0.19685845011575137,93
0,2,0,0.3124558649150698,3,0.8341449450512075,94
0,0,0,0.5734234614789077,0,0.12277547636517812,95
0,3,2,0.5561609918778914,0,0.24638856833644757,96
0,2,0,0.3321532148966949,3,0.7407540974207054,97
0,2,0,0.1784026897818085,0,0.6960064649870147,98
0,3,0,0.441163918955125,0,0.27751252928591374,99
